<?xml version="1.0"?>
<!DOCTYPE module PUBLIC "-//Puppy Crawl//DTD Check Configuration 1.2//EN"
                        "http://www.puppycrawl.com/dtds/configuration_1_2.dtd">

<!-- Checkstyle configuration for uncommons.org Coding Standards. -->
<module name="Checker">

  <property name="severity" value="error"/>

  <module name="NewlineAtEndOfFile"/>

  <module name="TreeWalker">

    <!-- Documentation. -->
    <module name="Header">
      <property name="headerFile" value="${conf.dir}/java.header"/>
      <property name="ignoreLines" value="2"/>
    </module>
    <module name="JavadocMethod">
      <property name="severity" value="warning"/>
      <property name="scope" value="protected"/>
      <property name="allowUndeclaredRTE" value="true" />
      <property name="allowThrowsTagsForSubclasses" value="true" />
      <property name="allowMissingPropertyJavadoc" value="true" />
    </module>
    <module name="JavadocStyle"/>
    <module name="JavadocType"/>
    <module name="JavadocVariable">
      <property name="severity" value="warning"/>
      <property name="scope" value="package"/>
    </module>


    <!-- Imports. -->
    <module name="AvoidStarImport"/>
    <module name="IllegalImport"/>
    <module name="RedundantImport"/>
    <module name="UnusedImports"/>
    <module name="ImportOrder" />


    <!-- Length. -->
    <module name="AnonInnerLength">
      <property name="severity" value="warning"/>
    </module>
    <module name="FileLength"/>
    <module name="LineLength">
      <property name="max" value="120"/>
      <property name="severity" value="warning"/>
    </module>
    <module name="MethodLength"/>
    <module name="ParameterNumber">
      <!-- Constuctors can have as many as needed, only check methods. -->
      <property name="tokens" value="METHOD_DEF"/>
      <property name="severity" value="warning"/>
    </module>


    <!-- Naming conventions. -->
    <module name="ConstantName"/>
    <module name="LocalFinalVariableName"/>
    <module name="LocalVariableName"/>
    <module name="MemberName"/>
    <module name="MethodName"/>
    <module name="PackageName"/>
    <module name="ParameterName"/>
    <module name="StaticVariableName"/>
    <module name="TypeName"/>


    <!-- Whitespace. -->
    <module name="EmptyForIteratorPad"/>
    <module name="Indentation">
      <!-- This should be an error rather than a warning but it won't accept single-line case statements. -->
      <property name="severity" value="warning"/>
    </module>
    <module name="MethodParamPad"/>
    <module name="NoWhitespaceAfter"/>
    <module name="NoWhitespaceBefore"/>
    <module name="OperatorWrap"/>
    <module name="ParenPad"/>
    <module name="TypecastParenPad"/>
    <module name="TabCharacter"/>
    <module name="WhitespaceAfter"/>
    <module name="WhitespaceAround">
      <property name="tokens" value="ASSIGN, BAND, BAND_ASSIGN, BOR, BOR_ASSIGN, BSR, BSR_ASSIGN, BXOR, BXOR_ASSIGN, COLON, DIV, DIV_ASSIGN, EQUAL, GE, GT, LAND, LCURLY, LE, LITERAL_ASSERT, LITERAL_CATCH, LITERAL_DO, LITERAL_ELSE, LITERAL_FINALLY, LITERAL_FOR, LITERAL_IF, LITERAL_RETURN, LITERAL_SYNCHRONIZED, LITERAL_TRY, LITERAL_WHILE, LOR, LT, MINUS, MINUS_ASSIGN, MOD, MOD_ASSIGN, NOT_EQUAL, PLUS, PLUS_ASSIGN, QUESTION, RCURLY, SL, SLIST, SL_ASSIGN, SR, SR_ASSIGN, STAR, STAR_ASSIGN, TYPE_EXTENSION_AND"/>
    </module>


    <!-- Modifiers. -->
    <module name="ModifierOrder"/>
    <module name="RedundantModifier"/>


    <!-- Blocks. -->
    <module name="AvoidNestedBlocks">
      <property name="allowInSwitchCase" value="true"/>
    </module>
    <module name="EmptyBlock">
      <property name="option" value="text"/>
    </module>
    <module name="LeftCurly">
      <property name="option" value="nl"/>
    </module>
    <module name="NeedBraces"/>
    <module name="RightCurly">
      <property name="option" value="alone"/>
    </module>


    <!-- Exceptions. -->
    <module name="IllegalCatch">
      <property name="severity" value="warning"/>
    </module>


    <!-- Inheritance -->
    <module name="SuperClone"/>
    <module name="SuperFinalize"/>


    <!-- Probable bugs or confusing constructs. -->
    <module name="BooleanExpressionComplexity"/>
    <module name="CovariantEquals"/>
    <module name="DefaultComesLast"/>
    <module name="DoubleCheckedLocking"/>
    <module name="EmptyStatement"/>
    <module name="EqualsHashCode"/>
    <module name="HiddenField">
      <property name="ignoreConstructorParameter" value="true"/>
      <property name="ignoreSetter" value="true"/>
    </module>
    <module name="InnerAssignment"/>
    <module name="MissingSwitchDefault"/>
    <module name="ModifiedControlVariable"/>
    <module name="RedundantThrows"/>
    <module name="SimplifyBooleanExpression"/>
    <module name="SimplifyBooleanReturn"/>
    <module name="StringLiteralEquality"/>
    <module name="UpperEll"/>


    <!-- Class design. -->
    <module name="FinalClass"/>
    <module name="HideUtilityClassConstructor">
      <property name="severity" value="warning"/>
    </module>
    <module name="InterfaceIsType">
      <property name="allowMarkerInterfaces" value="false" />
    </module>
    <module name="PackageDeclaration"/>
    <module name="VisibilityModifier">
      <property name="protectedAllowed" value="true" />
    </module>


    <!-- Miscellaneous style issues. -->
    <module name="ArrayTypeStyle"/>
    <module name="DeclarationOrder"/>
    <module name="MultipleVariableDeclarations"/>

  </module>

</module>
