<chapter xmlns="http://docbook.org/ns/docbook"
         xmlns:xsi="http://www.w3.org/2001/XMLSchema-instance"
         xsi:schemaLocation="http://docbook.org/ns/docbook http://www.docbook.org/xml/5.0/xsd/docbook.xsd">
  <title>The Travelling Salesman</title>
  <mediaobject>
    <imageobject>
      <imagedata fileref="travelling_salesman_problem.png"
                 format="PNG" scalefit="1" width="100%" />
    </imageobject>
    <caption>
      <para>
        <link href="http://xkcd.com/399">http://xkcd.com/399</link>
      </para>
    </caption>
  </mediaobject>
  <para>TODO</para>
</chapter>
