<?xml version="1.0" encoding="UTF-8"?>
<project-shared-configuration>
    <!--
This file contains additional configuration written by modules in the NetBeans IDE.
The configuration is intended to be shared among all the users of project and
therefore it is assumed to be part of version control checkout.
Without this configuration present, some functionality in the IDE may be limited or fail altogether.
-->
    <properties xmlns="http://www.netbeans.org/ns/maven-properties-data/1">
        <!--
Properties that influence various parts of the IDE, especially code formatting and the like. 
You can copy and paste the single properties, into the pom.xml file and the IDE will pick them up.
That way multiple projects can share the same settings (useful for formatting rules for example).
Any value defined here will override the pom.xml file value but is only applicable to the current project.
-->
        <org-netbeans-modules-editor-indent.CodeStyle.usedProfile>project</org-netbeans-modules-editor-indent.CodeStyle.usedProfile>
        <org-netbeans-modules-editor-indent.CodeStyle.project.spaces-per-tab>2</org-netbeans-modules-editor-indent.CodeStyle.project.spaces-per-tab>
        <org-netbeans-modules-editor-indent.CodeStyle.project.tab-size>2</org-netbeans-modules-editor-indent.CodeStyle.project.tab-size>
        <org-netbeans-modules-editor-indent.CodeStyle.project.indent-shift-width>2</org-netbeans-modules-editor-indent.CodeStyle.project.indent-shift-width>
        <org-netbeans-modules-editor-indent.CodeStyle.project.expand-tabs>false</org-netbeans-modules-editor-indent.CodeStyle.project.expand-tabs>
        <org-netbeans-modules-editor-indent.CodeStyle.project.text-limit-width>100</org-netbeans-modules-editor-indent.CodeStyle.project.text-limit-width>
        <org-netbeans-modules-editor-indent.CodeStyle.project.text-line-wrap>words</org-netbeans-modules-editor-indent.CodeStyle.project.text-line-wrap>
        <org-netbeans-modules-editor-indent.text.x-java.CodeStyle.project.blankLinesAfterClassHeader>0</org-netbeans-modules-editor-indent.text.x-java.CodeStyle.project.blankLinesAfterClassHeader>
        <org-netbeans-modules-editor-indent.text.x-java.CodeStyle.project.wrapExtendsImplementsKeyword>WRAP_IF_LONG</org-netbeans-modules-editor-indent.text.x-java.CodeStyle.project.wrapExtendsImplementsKeyword>
        <org-netbeans-modules-editor-indent.text.x-java.CodeStyle.project.redundantIfBraces>LEAVE_ALONE</org-netbeans-modules-editor-indent.text.x-java.CodeStyle.project.redundantIfBraces>
        <org-netbeans-modules-editor-indent.text.x-java.CodeStyle.project.redundantForBraces>LEAVE_ALONE</org-netbeans-modules-editor-indent.text.x-java.CodeStyle.project.redundantForBraces>
        <org-netbeans-modules-editor-indent.text.x-java.CodeStyle.project.spaceBeforeColon>false</org-netbeans-modules-editor-indent.text.x-java.CodeStyle.project.spaceBeforeColon>
        <org-netbeans-modules-editor-indent.text.x-java.CodeStyle.project.wrapTryResources>WRAP_IF_LONG</org-netbeans-modules-editor-indent.text.x-java.CodeStyle.project.wrapTryResources>
        <org-netbeans-modules-editor-indent.text.x-java.CodeStyle.project.wrapMethodParams>WRAP_IF_LONG</org-netbeans-modules-editor-indent.text.x-java.CodeStyle.project.wrapMethodParams>
        <org-netbeans-modules-editor-indent.text.x-java.CodeStyle.project.wrapTernaryOps>WRAP_IF_LONG</org-netbeans-modules-editor-indent.text.x-java.CodeStyle.project.wrapTernaryOps>
        <org-netbeans-modules-editor-indent.text.x-java.CodeStyle.project.wrapThrowsKeyword>WRAP_IF_LONG</org-netbeans-modules-editor-indent.text.x-java.CodeStyle.project.wrapThrowsKeyword>
        <org-netbeans-modules-editor-indent.text.x-java.CodeStyle.project.spaces-per-tab>2</org-netbeans-modules-editor-indent.text.x-java.CodeStyle.project.spaces-per-tab>
        <org-netbeans-modules-editor-indent.text.x-java.CodeStyle.project.wrapAssignOps>WRAP_IF_LONG</org-netbeans-modules-editor-indent.text.x-java.CodeStyle.project.wrapAssignOps>
        <org-netbeans-modules-editor-indent.text.x-java.CodeStyle.project.placeElseOnNewLine>true</org-netbeans-modules-editor-indent.text.x-java.CodeStyle.project.placeElseOnNewLine>
        <org-netbeans-modules-editor-indent.text.x-java.CodeStyle.project.wrapEnumConstants>WRAP_IF_LONG</org-netbeans-modules-editor-indent.text.x-java.CodeStyle.project.wrapEnumConstants>
        <org-netbeans-modules-editor-indent.text.x-java.CodeStyle.project.placeFinallyOnNewLine>true</org-netbeans-modules-editor-indent.text.x-java.CodeStyle.project.placeFinallyOnNewLine>
        <org-netbeans-modules-editor-indent.text.x-java.CodeStyle.project.placeCatchOnNewLine>true</org-netbeans-modules-editor-indent.text.x-java.CodeStyle.project.placeCatchOnNewLine>
        <org-netbeans-modules-editor-indent.text.x-java.CodeStyle.project.classDeclBracePlacement>NEW_LINE</org-netbeans-modules-editor-indent.text.x-java.CodeStyle.project.classDeclBracePlacement>
        <org-netbeans-modules-editor-indent.text.x-java.CodeStyle.project.wrapMethodCallArgs>WRAP_IF_LONG</org-netbeans-modules-editor-indent.text.x-java.CodeStyle.project.wrapMethodCallArgs>
        <org-netbeans-modules-editor-indent.text.x-java.CodeStyle.project.wrapDisjunctiveCatchTypes>WRAP_IF_LONG</org-netbeans-modules-editor-indent.text.x-java.CodeStyle.project.wrapDisjunctiveCatchTypes>
        <org-netbeans-modules-editor-indent.text.x-java.CodeStyle.project.wrapChainedMethodCalls>WRAP_IF_LONG</org-netbeans-modules-editor-indent.text.x-java.CodeStyle.project.wrapChainedMethodCalls>
        <org-netbeans-modules-editor-indent.text.x-java.CodeStyle.project.wrapFor>WRAP_IF_LONG</org-netbeans-modules-editor-indent.text.x-java.CodeStyle.project.wrapFor>
        <org-netbeans-modules-editor-indent.text.x-java.CodeStyle.project.wrapArrayInit>WRAP_IF_LONG</org-netbeans-modules-editor-indent.text.x-java.CodeStyle.project.wrapArrayInit>
        <org-netbeans-modules-editor-indent.text.x-java.CodeStyle.project.wrapAssert>WRAP_IF_LONG</org-netbeans-modules-editor-indent.text.x-java.CodeStyle.project.wrapAssert>
        <org-netbeans-modules-editor-indent.text.x-java.CodeStyle.project.wrapBinaryOps>WRAP_IF_LONG</org-netbeans-modules-editor-indent.text.x-java.CodeStyle.project.wrapBinaryOps>
        <org-netbeans-modules-editor-indent.text.x-java.CodeStyle.project.wrapAnnotationArgs>WRAP_IF_LONG</org-netbeans-modules-editor-indent.text.x-java.CodeStyle.project.wrapAnnotationArgs>
        <org-netbeans-modules-editor-indent.text.x-java.CodeStyle.project.indent-shift-width>2</org-netbeans-modules-editor-indent.text.x-java.CodeStyle.project.indent-shift-width>
        <org-netbeans-modules-editor-indent.text.x-java.CodeStyle.project.placeWhileOnNewLine>true</org-netbeans-modules-editor-indent.text.x-java.CodeStyle.project.placeWhileOnNewLine>
        <org-netbeans-modules-editor-indent.text.x-java.CodeStyle.project.text-limit-width>100</org-netbeans-modules-editor-indent.text.x-java.CodeStyle.project.text-limit-width>
        <org-netbeans-modules-editor-indent.text.x-java.CodeStyle.project.wrapExtendsImplementsList>WRAP_IF_LONG</org-netbeans-modules-editor-indent.text.x-java.CodeStyle.project.wrapExtendsImplementsList>
        <org-netbeans-modules-editor-indent.text.x-java.CodeStyle.project.generateParagraphTagOnBlankLines>true</org-netbeans-modules-editor-indent.text.x-java.CodeStyle.project.generateParagraphTagOnBlankLines>
        <org-netbeans-modules-editor-indent.text.x-java.CodeStyle.project.redundantWhileBraces>LEAVE_ALONE</org-netbeans-modules-editor-indent.text.x-java.CodeStyle.project.redundantWhileBraces>
        <org-netbeans-modules-editor-indent.text.x-java.CodeStyle.project.tab-size>2</org-netbeans-modules-editor-indent.text.x-java.CodeStyle.project.tab-size>
        <org-netbeans-modules-editor-indent.text.x-java.CodeStyle.project.continuationIndentSize>2</org-netbeans-modules-editor-indent.text.x-java.CodeStyle.project.continuationIndentSize>
        <org-netbeans-modules-editor-indent.text.x-java.CodeStyle.project.expand-tabs>false</org-netbeans-modules-editor-indent.text.x-java.CodeStyle.project.expand-tabs>
        <org-netbeans-modules-editor-indent.text.x-java.CodeStyle.project.otherBracePlacement>NEW_LINE</org-netbeans-modules-editor-indent.text.x-java.CodeStyle.project.otherBracePlacement>
        <org-netbeans-modules-editor-indent.text.x-java.CodeStyle.project.methodDeclBracePlacement>NEW_LINE</org-netbeans-modules-editor-indent.text.x-java.CodeStyle.project.methodDeclBracePlacement>
        <org-netbeans-modules-editor-indent.text.x-java.CodeStyle.project.redundantDoWhileBraces>LEAVE_ALONE</org-netbeans-modules-editor-indent.text.x-java.CodeStyle.project.redundantDoWhileBraces>
        <org-netbeans-modules-editor-indent.text.x-java.CodeStyle.project.wrapThrowsList>WRAP_IF_LONG</org-netbeans-modules-editor-indent.text.x-java.CodeStyle.project.wrapThrowsList>
    </properties>
</project-shared-configuration>
